CANMORE_ID,SITE_NUMBE,LAT,Long,SITE NAME,SITE TYPE,COUNCIL,COUNTY,PARISH,NGR,URL
17826,NJ54NW 11,"57° 30' 21.13"" N","002° 47' 11.4"" W","Tillytarmont No. 1, The Goose Stone",Pictish Symbol Stone (Pictish),ABERDEENSHIRE,ABERDEENSHIRE,CAIRNIE,NJ 5297 4645,http://canmore.org.uk/site/17826
30837,NO24SE 250,"56° 35' 15.22"" N","003° 09' 43.73"" W","Meigle, Meigle Museum","Cross Slab(S) (Early Medieval), Cup And Ring Marked Stone (Prehistoric), Hogback Stone (Early Medieval), Museum (20th Century), Pictish Symbol Stone(S) (Pictish), School (19th Century)",PERTH AND KINROSS,PERTHSHIRE,MEIGLE,NO 28722 44558,http://canmore.org.uk/site/30837
29871,NO20NW 130,"56° 15' 8.33"" N","003° 13' 50.76"" W","Westfield, Falkland",Pictish Symbol Stone(S) (Pictish),FIFE,FIFE,FALKLAND,NO 2384 0732,http://canmore.org.uk/site/29871
18537,NJ70NW 3,"57° 10' 35.7"" N","002° 25' 4.83"" W",Nether Corskie,"Pictish Symbol Stone (Pictish), Stone Circle (Neolithic) - (Bronze Age)(Possible)",ABERDEENSHIRE,ABERDEENSHIRE,CLUNY,NJ 74825 09598,http://canmore.org.uk/site/18537
1789,HY22NE 4,"59° 07' 17.03"" N","003° 18' 19.2"" W",Oxtro,"Broch (Iron Age), Cist (Bronze Age), Cist(S) (Prehistoric), Cremation(S) (Prehistoric), Cremation (Bronze Age), Pictish Symbol Stone (Pictish)(Possible), Comb (Bone)(Prehistoric), Penannular Brooch (Bronze)(Prehistoric), Pin (Metal)(Viking), Unidentified Pottery (Roman), Vessel (Steatite)(Bronze Age)",ORKNEY ISLANDS,ORKNEY,BIRSAY AND HARRAY,HY 2537 2678,http://canmore.org.uk/site/1789
15280,NH87SW 1,"57° 43' 9.44"" N","004° 00' 31.13"" W",Nigg,"Cross Slab (Early Medieval), Pictish Symbol Stone (Pictish)",HIGHLAND,ROSS AND CROMARTY,NIGG (ROSS AND CROMARTY),NH 8045 7171,http://canmore.org.uk/site/15280
16627,NJ26SW 2,"57° 39' 2.5"" N","003° 18' 19.37"" W","Elgin Cathedral, Pictish Cross-slab","Cross Slab (Pictish), Pictish Symbol Stone (Pictish)",MORAY,MORAYSHIRE,ELGIN,NJ 2219 6305,http://canmore.org.uk/site/16627
17744,NJ53NW 1,"57° 26' 52.22"" N","002° 47' 9.91"" W",Huntly,"Pictish Symbol Stone (Pictish), Stone Circle (Neolithic) - (Bronze Age)(Possible)",ABERDEENSHIRE,ABERDEENSHIRE,HUNTLY,NJ 5292 3999,http://canmore.org.uk/site/17744
17836,NJ54NW 20,"57° 30' 46.8"" N","002° 46' 51.52"" W",Tillytarmont No. 4,Pictish Symbol Stone (Pictish),ABERDEENSHIRE,ABERDEENSHIRE,CAIRNIE,NJ 5331 4724,http://canmore.org.uk/site/17836
32064,NO34NE 17,"56° 36' 24.87"" N","002° 59' 20.86"" W","Hunters Hill, Thornton Standing Stone","Cross Slab (Pictish), Pictish Symbol Stone (Pictish)",ANGUS,ANGUS,GLAMIS,NO 39379 46545,http://canmore.org.uk/site/32064
32067,NO34NE 2,"56° 36' 34.68"" N","003° 00' 7.68"" W",Glamis,"Cross Slab (Pictish), Pictish Symbol Stone (Pictish)",ANGUS,ANGUS,GLAMIS,NO 38585 46860,http://canmore.org.uk/site/32067
32092,NO34NE 4,"56° 36' 52.12"" N","003° 03' 23.3"" W",Eassie,"Cross Slab (Pictish), Pictish Symbol Stone (Pictish)",ANGUS,ANGUS,EASSIE AND NEVAY,NO 35258 47449,http://canmore.org.uk/site/32092
2010,HY31NW 2,"59° 01' 57.77"" N","003° 12' 25.23"" W",Knowe Of Burrian,"Broch (Iron Age)(Possible), Pictish Symbol Stone (Pictish)",ORKNEY ISLANDS,ORKNEY,BIRSAY AND HARRAY,HY 3082 1680,http://canmore.org.uk/site/2010
12634,NH53SW 151,"57° 21' 22.07"" N","004° 28' 36.22"" W",Garbeg,Pictish Symbol Stone (Pictish),HIGHLAND,INVERNESS-SHIRE,URQUHART AND GLENMORISTON,NH 5110 3222,http://canmore.org.uk/site/12634
15278,NH87SE 4,"57° 44' 51.43"" N","003° 55' 28.63"" W",Shandwick Stone,"Cross Slab (Pictish), Pictish Symbol Stone (Pictish)",HIGHLAND,ROSS AND CROMARTY,NIGG (ROSS AND CROMARTY),NH 85544 74718,http://canmore.org.uk/site/15278
16800,NJ33NW 12,"57° 26' 19.91"" N","003° 07' 41.64"" W","Mortlach, The Battle Stone","Cross Slab (Early Medieval), Pictish Symbol Stone (Pictish)",MORAY,BANFFSHIRE,MORTLACH,NJ 3237 3928,http://canmore.org.uk/site/16800
26193,NN92SW 5,"56° 23' 47.31"" N","003° 44' 19.32"" W","Fowlis Wester, Cross","Cross Slab (Pictish), Pictish Symbol Stone (Pictish)",PERTH AND KINROSS,PERTHSHIRE,FOWLIS WESTER,NN 92777 24041,http://canmore.org.uk/site/26193
26295,NN95NW 29,"56° 41' 19.12"" N","003° 43' 18.86"" W",Dunfallandy,"Cross Slab (Pictish), Pictish Symbol Stone (Pictish)",PERTH AND KINROSS,PERTHSHIRE,LOGIERAIT,NN 94629 56530,http://canmore.org.uk/site/26295
30019,NO21NE 10,"56° 20' 1.02"" N","003° 11' 57.2"" W","Abdie Churchyard, 'lindores Stone'","Bench Mark (19th Century), Pictish Symbol Stone (Pictish), Sundial (Period Unassigned)",FIFE,FIFE,ABDIE,NO 25952 16334,http://canmore.org.uk/site/30019
34860,NO55NW 80,"56° 41' 32.8"" N","002° 46' 51.67"" W",Aberlemno,Pictish Symbol Stone(S) (Pictish),ANGUS,ANGUS,ABERLEMNO,NO 52262 55901,http://canmore.org.uk/site/34860
18853,NJ72NW 70,"57° 19' 21.55"" N","002° 29' 39.2"" W","Logie Elphinstone, Pictish Symbol Stones","Date Stone (19th Century), Pictish Symbol Stone(S) (Pictish)",ABERDEENSHIRE,ABERDEENSHIRE,CHAPEL OF GARIOCH,NJ 70335 25889,http://canmore.org.uk/site/18853
2201,HY32NE 50,"59° 07' 26.69"" N","003° 04' 53.97"" W","Aikerness, Broch Of Gurness","Broch (Iron Age), Pictish Symbol Stone (Pictish), Settlement (Viking), Subterranean Structure (Period Unknown)",ORKNEY ISLANDS,ORKNEY,EVIE AND RENDALL,HY 38179 26850,http://canmore.org.uk/site/2201
11475,NG53NW 30,"57° 21' 18.79"" N","006° 04' 49.63"" W","Raasay House, Raasay","Cross Slab (Pictish), Pictish Symbol Stone (Pictish)",HIGHLAND,INVERNESS-SHIRE,PORTREE,NG 5467 3677,http://canmore.org.uk/site/11475
12633,NH53SW 150,"57° 21' 22.07"" N","004° 28' 36.22"" W",Garbeg,"Barrow(S) (Prehistoric), Pictish Symbol Stone (Pictish), Square Barrow(S) (Iron Age)",HIGHLAND,INVERNESS-SHIRE,URQUHART AND GLENMORISTON,NH 5110 3222,http://canmore.org.uk/site/12633
14139,NH73SE 5,"57° 21' 15.63"" N","004° 00' 5.28"" W",Invereen,Pictish Symbol Stone (Pictish),HIGHLAND,INVERNESS-SHIRE,MOY AND DALAROSSIE,NH 7968 3108,http://canmore.org.uk/site/14139
15703,NJ02NW 41,"57° 18' 51.84"" N","003° 37' 3.76"" W","Inverallan Churchyard, Pictish Symbol Stone",Pictish Symbol Stone (Pictish),HIGHLAND,MORAYSHIRE,"CROMDALE, INVERALLAN AND ADVIE",NJ 0266 2602,http://canmore.org.uk/site/15703
17838,NJ54NW 22,"57° 30' 44.21"" N","002° 46' 51.46"" W",Tillytarmont No.5,Pictish Symbol Stone (Pictish),ABERDEENSHIRE,ABERDEENSHIRE,CAIRNIE,NJ 5331 4716,http://canmore.org.uk/site/17838
13507,NH64SE 25,"57° 26' 33.07"" N","004° 14' 23.1"" W","Knocknagael, Boar Stone",Pictish Symbol Stone (Pictish),HIGHLAND,INVERNESS-SHIRE,INVERNESS AND BONA,NH 6567 4134,http://canmore.org.uk/site/13507
16190,NJ16NW 50,"57° 42' 11.81"" N","003° 29' 49.45"" W",Burghead,"Cross Slab(S) (Pictish), Pictish Symbol Stone(S) (Pictish)",MORAY,MORAYSHIRE,DUFFUS,NJ 1088 6914,http://canmore.org.uk/site/16190
17824,NJ54NW 1,"57° 30' 40.53"" N","002° 47' 11.81"" W",Tillytarmont No. 2,Pictish Symbol Stone(S) (Pictish),MORAY,BANFFSHIRE,ROTHIEMAY,NJ 5297 4705,http://canmore.org.uk/site/17824
17183,NJ42NE 220,"57° 19' 55.84"" N","002° 50' 7.58"" W","Rhynie, Plough Inn","Human Remains (Period Unassigned), Pictish Symbol Stone(S) (Pictish)",ABERDEENSHIRE,ABERDEENSHIRE,RHYNIE,NJ 4980 2715,http://canmore.org.uk/site/17183
17199,NJ42NE 35,"57° 19' 29.79"" N","002° 50' 10.04"" W","Rhynie, Craw Stane",Pictish Symbol Stone (Pictish),ABERDEENSHIRE,ABERDEENSHIRE,RHYNIE,NJ 49749 26345,http://canmore.org.uk/site/17199
17200,NJ42NE 36,"57° 19' 51.0"" N","002° 50' 6.27"" W",Mains Of Rhynie,Pictish Symbol Stone (Pictish),ABERDEENSHIRE,ABERDEENSHIRE,RHYNIE,NJ 4982 2700,http://canmore.org.uk/site/17200
17676,NJ52NW 7,"57° 19' 20.21"" N","002° 46' 2.27"" W","Clatt, Clatt 2",Pictish Symbol Stone(S) (Pictish),ABERDEENSHIRE,ABERDEENSHIRE,CLATT,NJ 5389 2600,http://canmore.org.uk/site/17676
17706,NJ52SW 12,"57° 18' 18.32"" N","002° 45' 29.31"" W","Knockespock House, Symbol Stone",Pictish Symbol Stone (Pictish),ABERDEENSHIRE,ABERDEENSHIRE,CLATT,NJ 5442 2408,http://canmore.org.uk/site/17706
17740,NJ53NE 6,"57° 25' 36.64"" N","002° 44' 14.43"" W",Leys Of Dummuies,"Carved Stone (Early Medieval), Pictish Symbol Stone (Pictish)",ABERDEENSHIRE,ABERDEENSHIRE,DRUMBLADE,NJ 5582 3762,http://canmore.org.uk/site/17740
18084,NJ62NE 120,"57° 21' 24.4"" N","002° 33' 46.48"" W","Newton House, Newton Stone","Grave(S) (Period Unassigned), Ogham Inscribed Stone (Early Medieval), Pictish Symbol Stone (Pictish)",ABERDEENSHIRE,ABERDEENSHIRE,CULSALMOND,NJ 6623 2972,http://canmore.org.uk/site/18084
18163,NJ62NW 41,"57° 19' 16.32"" N","002° 39' 24.06"" W","Newbigging, Leslie",Pictish Symbol Stone (Pictish),ABERDEENSHIRE,ABERDEENSHIRE,LESLIE (GORDON),NJ 6055 2581,http://canmore.org.uk/site/18163
19464,NJ81NE 80,"57° 13' 45.54"" N","002° 12' 29.99"" W","Dyce, Saint Fergus' Church, Sculptured Stones","Cross Incised Stone(S) (Early Medieval), Cross Slab (Early Medieval), Pictish Symbol Stone(S) (Pictish)","ABERDEEN, CITY OF",ABERDEENSHIRE,DYCE,NJ 8752 1541,http://canmore.org.uk/site/19464
32298,NO35SE 200,"56° 40' 41.27"" N","002° 59' 52.78"" W",Kirriemuir,"Cross Slab(S) (Early Medieval), Pictish Symbol Stone(S) (Pictish)",ANGUS,ANGUS,KIRRIEMUIR,NO 3895 5448,http://canmore.org.uk/site/32298
36624,NO79NE 4410,"57° 04' 10.3"" N","002° 21' 51.15"" W","Park House, Symbol Stone",Pictish Symbol Stone (Pictish),ABERDEENSHIRE,ABERDEENSHIRE,DRUMOAK,NO 78014 97662,http://canmore.org.uk/site/36624
3422,HY63NW 17,"59° 13' 32.13"" N","002° 40' 5.75"" W","Sanday, Pool","Midden (Iron Age) - (Early Medieval), Pictish Symbol Stone (Pictish), Settlement (Iron Age) - (Early Medieval), Comb (Bone)(Period Unassigned), Pin(S) (Bone)(Period Unassigned)",ORKNEY ISLANDS,ORKNEY,CROSS AND BURNESS,HY 61956 37843,http://canmore.org.uk/site/3422
15675,NJ02NE 10,"57° 19' 0.64"" N","003° 33' 56.5"" W","Parc-an-caipel, Congash","Burial Ground (Period Unassigned), Chapel (Period Unassigned)(Possible), Enclosure(S) (Period Unassigned), Pictish Symbol Stone(S) (Pictish)",HIGHLAND,INVERNESS-SHIRE,ABERNETHY AND KINCARDINE,NJ 05799 26219,http://canmore.org.uk/site/15675
3064,HY50SW 9,"58° 54' 48.5"" N","002° 47' 49.44"" W",Greens,"No Class (Event) (Period Unassigned), Pictish Symbol Stone (Pictish)",ORKNEY ISLANDS,ORKNEY,ST ANDREWS AND DEERNESS,HY 5419 0317,http://canmore.org.uk/site/3064
13502,NH64SE 20,"57° 28' 0.44"" N","004° 13' 8.6"" W",Inverness,Pictish Symbol Stone (Pictish),HIGHLAND,INVERNESS-SHIRE,INVERNESS AND BONA,NH 67 44,http://canmore.org.uk/site/13502
13738,NH67SE 12,"57° 44' 17.36"" N","004° 16' 9.33"" W",Ardross,Pictish Symbol Stone(S) (Pictish),HIGHLAND,ROSS AND CROMARTY,ROSSKEEN,NH 650 743,http://canmore.org.uk/site/13738
15977,NJ12NW 2,"57° 18' 56.77"" N","003° 24' 52.31"" W",Balneilean,Pictish Symbol Stone (Pictish),MORAY,BANFFSHIRE,KIRKMICHAEL (MORAY),NJ 149 259,http://canmore.org.uk/site/15977
16011,NJ13NE 71,"57° 25' 19.51"" N","003° 21' 44.44"" W",Inveravon,Pictish Symbol Stone (Pictish),MORAY,BANFFSHIRE,INVERAVON,NJ 1828 3767,http://canmore.org.uk/site/16011
16078,NJ15NE 7,"57° 36' 4.4"" N","003° 21' 44.44"" W",Upper Manbean,Pictish Symbol Stone (Pictish),MORAY,MORAYSHIRE,ELGIN,NJ 1868 5761,http://canmore.org.uk/site/16078
16341,NJ24NE 2,"57° 30' 29.95"" N","003° 11' 8.25"" W",Arndilly,Pictish Symbol Stone (Pictish),MORAY,BANFFSHIRE,BOHARM,NJ 2906 4707,http://canmore.org.uk/site/16341
16481,NJ26NW 30,"57° 42' 34.3"" N","003° 18' 22.16"" W",Drainie,"Carved Stone (Early Medieval), Cross(S) (Early Medieval), Cross Slab(S) (Early Medieval), Pictish Symbol Stone (Pictish)",MORAY,MORAYSHIRE,DRAINIE,NJ 2227 6960,http://canmore.org.uk/site/16481
17003,NJ40NW 7,"57° 09' 32.24"" N","002° 56' 23.94"" W",Tillypronie,Pictish Symbol Stone (Pictish),ABERDEENSHIRE,ABERDEENSHIRE,LOGIE-COLDSTONE,NJ 4324 0795,http://canmore.org.uk/site/17003
17194,NJ42NE 322,"57° 19' 35.27"" N","002° 49' 57.85"" W","Rhynie, St Luag's Church, Churchyard, Rhynie No. 5",Pictish Symbol Stone (Pictish),ABERDEENSHIRE,ABERDEENSHIRE,RHYNIE,NJ 49955 26512,http://canmore.org.uk/site/17194
17218,NJ42NE 52,"57° 19' 30.28"" N","002° 50' 9.39"" W","Rhynie, Barflat",Pictish Symbol Stone (Pictish),ABERDEENSHIRE,ABERDEENSHIRE,RHYNIE,NJ 4976 2636,http://canmore.org.uk/site/17218
17219,NJ42NE 53,"57° 19' 25.08"" N","002° 50' 12.86"" W","Rhynie, Barflat",Pictish Symbol Stone (Pictish),ABERDEENSHIRE,ABERDEENSHIRE,RHYNIE,NJ 497 262,http://canmore.org.uk/site/17219
18093,NJ62NE 19,"57° 20' 26.33"" N","002° 30' 41.98"" W",Newton Of Lewesk,Pictish Symbol Stone (Pictish),ABERDEENSHIRE,ABERDEENSHIRE,RAYNE,NJ 693 279,http://canmore.org.uk/site/18093
18294,NJ63SW 3,"57° 21' 40.32"" N","002° 39' 0.06"" W","Myreton Farm, Picardy Stone",Pictish Symbol Stone (Pictish),ABERDEENSHIRE,ABERDEENSHIRE,INSCH,NJ 60994 30259,http://canmore.org.uk/site/18294
18592,NJ71NE 33,"57° 14' 12.6"" N","002° 20' 40.39"" W",Kintore,Pictish Symbol Stone (Pictish),ABERDEENSHIRE,ABERDEENSHIRE,KINTORE,NJ 7930 1628,http://canmore.org.uk/site/18592
18644,NJ71NE 8,"57° 16' 2.97"" N","002° 22' 0.21"" W",Broomend Of Crichie,Pictish Symbol Stone (Pictish),ABERDEENSHIRE,ABERDEENSHIRE,KINTORE,NJ 7798 1970,http://canmore.org.uk/site/18644
18728,NJ72NE 143,"57° 20' 51.97"" N","002° 23' 21.99"" W","Mounie Castle, Symbol Stone",Pictish Symbol Stone (Pictish),ABERDEENSHIRE,ABERDEENSHIRE,DAVIOT,NJ 76661 28644,http://canmore.org.uk/site/18728
18872,NJ72SE 110,"57° 16' 32.44"" N","002° 21' 56.74"" W","Inverurie Churchyard, Symbol Stones","Cross Incised Stone(S) (Pictish), Pictish Symbol Stone(S) (Pictish)",ABERDEENSHIRE,ABERDEENSHIRE,INVERURIE,NJ 78043 20611,http://canmore.org.uk/site/18872
18894,NJ72SE 23,"57° 17' 30.02"" N","002° 23' 59.82"" W","Brandsbutt, Inverurie, Symbol Stone","Ogham Inscribed Stone (Pictish), Pictish Symbol Stone (Pictish)",ABERDEENSHIRE,ABERDEENSHIRE,INVERURIE,NJ 75992 22403,http://canmore.org.uk/site/18894
18919,NJ72SE 46,"57° 16' 18.5"" N","002° 21' 59.77"" W",Keith Hall,Pictish Symbol Stone (Pictish),ABERDEENSHIRE,ABERDEENSHIRE,KEITHHALL AND KINKELL,NJ 7799 2018,http://canmore.org.uk/site/18919
18978,NJ72SW 1,"57° 18' 43.56"" N","002° 29' 36.12"" W","Chapel Of Garioch, The Maiden Stone","Cross Slab (Pictish), Pictish Symbol Stone (Pictish)",ABERDEENSHIRE,ABERDEENSHIRE,CHAPEL OF GARIOCH,NJ 70378 24714,http://canmore.org.uk/site/18978
19033,NJ73NE 11,"57° 25' 47.11"" N","002° 23' 14.39"" W",Fyvie,Pictish Symbol Stone (Pictish),ABERDEENSHIRE,ABERDEENSHIRE,FYVIE,NJ 7684 3777,http://canmore.org.uk/site/19033
19157,NJ74NW 20,"57° 32' 18.76"" N","002° 27' 51.55"" W","Turriff Manse, Pictish Symbol Stone",Pictish Symbol Stone (Pictish),ABERDEENSHIRE,ABERDEENSHIRE,TURRIFF,NJ 7230 4991,http://canmore.org.uk/site/19157
19595,NJ81SW 6,"57° 13' 13.85"" N","002° 17' 50.54"" W",Kinellar,Pictish Symbol Stone (Pictish),ABERDEENSHIRE,ABERDEENSHIRE,KINELLAR,NJ 8214 1445,http://canmore.org.uk/site/19595
19726,NJ82SW 4,"57° 18' 49.92"" N","002° 19' 34.25"" W","Bourtie Parish Church, Pictish Symbol Stone",Pictish Symbol Stone (Pictish),ABERDEENSHIRE,ABERDEENSHIRE,BOURTIE,NJ 8045 2485,http://canmore.org.uk/site/19726
20818,NJ96SW 1,"57° 39' 28.49"" N","002° 07' 8.21"" W","Tyrie, Raven Stone",Pictish Symbol Stone (Pictish),ABERDEENSHIRE,ABERDEENSHIRE,TYRIE,NJ 9300 6311,http://canmore.org.uk/site/20818
28201,NO12SE 15,"56° 22' 34.35"" N","003° 18' 8.8"" W","St Madoes Churchyard, Cross-slab","Cross Slab (Pictish), Pictish Symbol Stone (Pictish)",PERTH AND KINROSS,PERTHSHIRE,ST MADOES,NO 1966 2119,http://canmore.org.uk/site/28201
33390,NO43SE 1,"56° 29' 34.59"" N","002° 52' 6.78"" W",Castle Greg,"Cairn (Bronze Age), Cist (Bronze Age), Pictish Symbol Stone (Pictish), Beaker (Period Unassigned), Dagger (Period Unassigned)","DUNDEE, CITY OF",ANGUS,"MONIFIETH (DUNDEE, CITY OF)",NO 4662 3376,http://canmore.org.uk/site/33390
34861,NO55NW 81,"56° 41' 33.36"" N","002° 46' 50.8"" W",Aberlemno 1,"Natural Feature (Period Unassigned), Pictish Symbol Stone (Pictish)",ANGUS,ANGUS,ABERLEMNO,NO 52277 55918,http://canmore.org.uk/site/34861
241908,NJ72NE 11,"57° 20' 56.88"" N","002° 24' 4.58"" W",Daviot,Pictish Symbol Stone (Pictish),ABERDEENSHIRE,ABERDEENSHIRE,DAVIOT,NJ 7595 2880,http://canmore.org.uk/site/241908
319702,NJ42NE 323,"57° 19' 35.2"" N","002° 49' 58.14"" W","Rhynie, St Luag's Church, Churchyard, Rhynie No. 6",Pictish Symbol Stone (Pictish),ABERDEENSHIRE,ABERDEENSHIRE,RHYNIE,NJ 4995 2651,http://canmore.org.uk/site/319702
12732,NH54SE 9,"57° 27' 33.92"" N","004° 24' 56.94"" W",Moniack Castle Balblair Stone,"Cup Marked Stone (Neolithic) - (Bronze Age), Pictish Symbol Stone (Pictish)",HIGHLAND,INVERNESS-SHIRE,KIRKHILL,NH 55172 43583,http://canmore.org.uk/site/12732
17656,NJ52NW 19,"57° 21' 28.94"" N","002° 45' 58.97"" W","Hillhead Of Clatt, Salmon Stone",Pictish Symbol Stone (Pictish),ABERDEENSHIRE,ABERDEENSHIRE,KENNETHMONT,NJ 5399 2998,http://canmore.org.uk/site/17656
14393,NH75NW 71,"57° 35' 27.81"" N","004° 06' 51.04"" W","Rosemarkie, Church Place, Rosemarkie Parish Church, Cross Slab","Cross Slab (Early Medieval), Pictish Symbol Stone (Pictish)",HIGHLAND,ROSS AND CROMARTY,ROSEMARKIE,NH 7372 5763,http://canmore.org.uk/site/14393
229637,NO39NE 22,"57° 03' 53.96"" N","003° 00' 24.14"" W","Tullich, St Nathalan's Kirk, Symbol Stone, Tullich 1",Pictish Symbol Stone (Pictish),ABERDEENSHIRE,ABERDEENSHIRE,"GLENMUICK, TULLICH AND GLENGAIRN",NO 39050 97548,http://canmore.org.uk/site/229637
1985,HY31NE 15,"59° 02' 11.34"" N","003° 05' 7.83"" W","Redland, Firth",Pictish Symbol Stone (Pictish),ORKNEY ISLANDS,ORKNEY,FIRTH,HY 378 171,http://canmore.org.uk/site/1985
2202,HY32NE 51,"59° 07' 25.03"" N","003° 04' 58.88"" W","Broch Of Gurness, Aikerness, Pictish Symbol Stone",Pictish Symbol Stone (Pictish),ORKNEY ISLANDS,ORKNEY,EVIE AND RENDALL,HY 381 268,http://canmore.org.uk/site/2202
6524,NC80SE 2,"57° 58' 58.15"" N","003° 56' 39.2"" W",Craigton,Pictish Symbol Stone (Pictish),HIGHLAND,SUTHERLAND,GOLSPIE,NC 8513 0093,http://canmore.org.uk/site/6524
6564,NC80SW 13,"57° 58' 33.22"" N","003° 58' 4.9"" W",Golspie,"Cross Slab (Pictish), Pictish Symbol Stone (Pictish)",HIGHLAND,SUTHERLAND,GOLSPIE,NC 837 002,http://canmore.org.uk/site/6564
9243,ND35SW 120,"58° 28' 41.41"" N","003° 07' 6.54"" W",Ackergill Links,"Long Cist Cemetery (Pictish), Pictish Symbol Stone(S) (Pictish)",HIGHLAND,CAITHNESS,WICK,ND 3487 5497,http://canmore.org.uk/site/9243
11276,NG44NW 1,"57° 27' 30.77"" N","006° 18' 6.18"" W","Skye, Tote, 'clach Ard'",Pictish Symbol Stone (Pictish),HIGHLAND,INVERNESS-SHIRE,SNIZORT,NG 4210 4908,http://canmore.org.uk/site/11276
12674,NH54NW 16,"57° 28' 23.9"" N","004° 29' 10.16"" W",Wester Balblair,Pictish Symbol Stone (Pictish),HIGHLAND,INVERNESS-SHIRE,KILMORACK,NH 5101 4528,http://canmore.org.uk/site/12674
12820,NH55NW 7,"57° 35' 50.05"" N","004° 25' 43.63"" W",Dingwall Churchyard,Pictish Symbol Stone (Pictish),HIGHLAND,ROSS AND CROMARTY,DINGWALL,NH 54943 58947,http://canmore.org.uk/site/12820
15737,NJ03SW 3,"57° 21' 5.79"" N","003° 35' 18.36"" W","Grantown, Cnoc-an-fruich",Pictish Symbol Stone (Pictish),HIGHLAND,MORAYSHIRE,"CROMDALE, INVERALLAN AND ADVIE",NJ 0452 3012,http://canmore.org.uk/site/15737
16012,NJ13NE 72,"57° 25' 16.28"" N","003° 21' 44.32"" W",Inveravon,Pictish Symbol Stone (Pictish),MORAY,BANFFSHIRE,INVERAVON,NJ 1828 3757,http://canmore.org.uk/site/16012
16014,NJ13NE 74,"57° 25' 9.81"" N","003° 21' 44.08"" W",Inveravon,Pictish Symbol Stone (Pictish),MORAY,BANFFSHIRE,INVERAVON,NJ 1828 3737,http://canmore.org.uk/site/16014
16255,NJ16SW 26,"57° 39' 53.98"" N","003° 26' 11.34"" W",Easterton Of Roseisle,"Cist (Period Unassigned), Pictish Symbol Stone (Pictish)",MORAY,MORAYSHIRE,DUFFUS,NJ 144 648,http://canmore.org.uk/site/16255
16411,NJ25NW 11,"57° 36' 42.09"" N","003° 19' 48.1"" W","Birnie Churchyard, Pictish Symbol Stone",Pictish Symbol Stone (Pictish),MORAY,MORAYSHIRE,BIRNIE,NJ 20634 58737,http://canmore.org.uk/site/16411
17507,NJ50SW 11,"57° 05' 24.08"" N","002° 45' 31.31"" W","Aboyne, Old Parish Church, Cross-slab","Cross Slab (Pictish), Ogham Inscribed Stone (Pictish), Pictish Symbol Stone (Pictish)",ABERDEENSHIRE,ABERDEENSHIRE,ABOYNE AND GLENTANAR,NJ 5412 0014,http://canmore.org.uk/site/17507
17636,NJ52NE 3,"57° 20' 20.28"" N","002° 44' 29.02"" W",Ardlair,"Pictish Symbol Stone (Pictish), Standing Stone (Prehistoric)",ABERDEENSHIRE,ABERDEENSHIRE,KENNETHMONT,NJ 5547 2784,http://canmore.org.uk/site/17636
18025,NJ60SW 6,"57° 06' 38.52"" N","002° 35' 44.74"" W",Craigmyle,Pictish Symbol Stone (Pictish),ABERDEENSHIRE,ABERDEENSHIRE,KINCARDINE O'NEIL,NJ 64014 02344,http://canmore.org.uk/site/18025
18590,NJ71NE 321,"57° 14' 14.55"" N","002° 20' 35.04"" W",Kintore,Pictish Symbol Stone (Pictish),ABERDEENSHIRE,ABERDEENSHIRE,KINTORE,NJ 7939 1634,http://canmore.org.uk/site/18590
18631,NJ71NE 69,"57° 14' 9.96"" N","002° 20' 58.26"" W","Kintore, Pictish Symbol Stone","Pictish Symbol Stone (Pictish), Saddle Quern (Pictish)",ABERDEENSHIRE,ABERDEENSHIRE,KINTORE,NJ 790 162,http://canmore.org.uk/site/18631
18658,NJ71NW 12,"57° 13' 32.65"" N","002° 29' 36.62"" W",Monymusk,"Bench Mark (19th Century), Cross Slab (Pictish), Pictish Symbol Stone (Pictish)",ABERDEENSHIRE,ABERDEENSHIRE,MONYMUSK,NJ 703 151,http://canmore.org.uk/site/18658
18912,NJ72SE 4,"57° 18' 14.89"" N","002° 23' 55.05"" W",East Balhalgardy,"Architectural Fragment (Period Unassigned), Pictish Symbol Stone (Pictish)",ABERDEENSHIRE,ABERDEENSHIRE,CHAPEL OF GARIOCH,NJ 7608 2379,http://canmore.org.uk/site/18912
18985,NJ72SW 16,"57° 18' 5.16"" N","002° 25' 43.68"" W",Drummies,Pictish Symbol Stone (Pictish),ABERDEENSHIRE,ABERDEENSHIRE,INVERURIE,NJ 7426 2350,http://canmore.org.uk/site/18985
20738,NJ95SE 41,"57° 32' 42.84"" N","002° 01' 58.35"" W",Fetterangus Church,Pictish Symbol Stone (Pictish),ABERDEENSHIRE,ABERDEENSHIRE,OLD DEER,NJ 9813 5056,http://canmore.org.uk/site/20738
25815,NN86NW 3,"56° 45' 51.66"" N","003° 57' 1.76"" W",Struan,"Cross Incised Stone (Early Medieval), Pictish Symbol Stone (Pictish), Stone (Early Medieval)",PERTH AND KINROSS,PERTHSHIRE,BLAIR ATHOLL,NN 8087 6533,http://canmore.org.uk/site/25815
25924,NN90NW 3,"56° 16' 6.95"" N","003° 44' 18.6"" W","Peterhead Farm, Gleneagles","Pictish Symbol Stone (Pictish), Standing Stone (Prehistoric)",PERTH AND KINROSS,PERTHSHIRE,BLACKFORD,NN 9243 0981,http://canmore.org.uk/site/25924
27924,NO11NE 19,"56° 19' 58.79"" N","003° 18' 42.51"" W",Abernethy,Pictish Symbol Stone (Pictish),PERTH AND KINROSS,PERTHSHIRE,ABERNETHY (PERTH AND KINROSS),NO 18990 16392,http://canmore.org.uk/site/27924
28011,NO11NW 10,"56° 21' 30.39"" N","003° 23' 56.23"" W","Moncrieffe House, Boar Stone Of Gask","Cross Slab (Pictish), Pictish Symbol Stone (Pictish)",PERTH AND KINROSS,PERTHSHIRE,DUNBARNEY,NO 1366 1933,http://canmore.org.uk/site/28011
28250,NO12SE 9,"56° 22' 34.29"" N","003° 18' 44.94"" W","St Madoes, Inchyra Stone","Inhumation (Period Unknown), Ogham Inscribed Stone (Early Medieval), Pictish Symbol Stone (Pictish)",PERTH AND KINROSS,PERTHSHIRE,ST MADOES,NO 1904 2120,http://canmore.org.uk/site/28250
28602,NO13SE 1,"56° 29' 42.42"" N","003° 21' 57.49"" W",Cargill,Pictish Symbol Stone (Pictish),PERTH AND KINROSS,PERTHSHIRE,CARGILL,NO 160 345,http://canmore.org.uk/site/28602
30545,NO23NE 32,"56° 32' 39.3"" N","003° 11' 0.4"" W",Keillor,Pictish Symbol Stone (Pictish),PERTH AND KINROSS,ANGUS,KETTINS,NO 27331 39760,http://canmore.org.uk/site/30545
31864,NO33NE 2,"56° 31' 34.07"" N","003° 01' 4.41"" W","Balluderon, 'st Martins Stone'","Cross Slab (Pictish), Pictish Symbol Stone (Pictish)",ANGUS,ANGUS,TEALING,NO 3748 3758,http://canmore.org.uk/site/31864
31866,NO33NE 21,"56° 30' 46.17"" N","003° 01' 7.81"" W",Strathmartine,Pictish Symbol Stone (Pictish),ANGUS,ANGUS,MAINS AND STRATHMARTINE (ANGUS),NO 374 361,http://canmore.org.uk/site/31866
33868,NO45SW 4,"56° 38' 17.54"" N","002° 58' 42.48"" W","Cossans, 'st Orland's Stone'","Cist (Period Unknown)(Possible), Cross Slab (Pictish), Grave(S) (Period Unknown)(Possible), Pictish Symbol Stone (Pictish), Coin(S) (17th Century)",ANGUS,ANGUS,GLAMIS,NO 40083 50019,http://canmore.org.uk/site/33868
34806,NO55NW 26,"56° 41' 21.74"" N","002° 46' 52.85"" W",Aberlemno 2,"Cross Slab (Pictish), Pictish Symbol Stone (Pictish)",ANGUS,ANGUS,ABERLEMNO,NO 52238 55559,http://canmore.org.uk/site/34806
35863,NO65SW 7,"56° 38' 33.91"" N","002° 38' 22.08"" W","Kinnell Parish Church, Pictish Symbol Stones","Carved Stone (Early Medieval), Church (Medieval), Cross Slab (Early Medieval), Pictish Symbol Stone (Pictish)",ANGUS,ANGUS,KINNELL,NO 6088 5028,http://canmore.org.uk/site/35863
73071,NO23SE 41,"56° 27' 50.57"" N","003° 09' 5.13"" W","Rossie Church, Cross-slab","Cross Slab (Pictish), Pictish Symbol Stone (Pictish)",PERTH AND KINROSS,PERTHSHIRE,INCHTURE,NO 2915 3080,http://canmore.org.uk/site/73071
317886,NH92NE 31,"57° 18' 28.57"" N","003° 40' 34.73"" W",Finlanrig,Pictish Symbol Stone (Pictish),HIGHLAND,MORAYSHIRE,"CROMDALE, INVERALLAN AND ADVIE",NH 99113 25386,http://canmore.org.uk/site/317886
318420,NJ94NE 52,"57° 31' 23.49"" N","002° 03' 14.91"" W","Old Deer, Deer Abbey","Cross Incised Stone (Pictish), Pictish Symbol Stone (Pictish)",ABERDEENSHIRE,ABERDEENSHIRE,OLD DEER,NJ 96855 48107,http://canmore.org.uk/site/318420
34684,NO54NW 3,"56° 38' 8.79"" N","002° 47' 26.31"" W",Dunnichen,Pictish Symbol Stone (7th Century),ANGUS,ANGUS,DUNNICHEN,NO 516 496,http://canmore.org.uk/site/34684
139356,NJ02SW 36,"57° 17' 44.47"" N","003° 39' 39.73"" W",Ballintomb,Pictish Symbol Stone (Pictish),HIGHLAND,MORAYSHIRE,"CROMDALE, INVERALLAN AND ADVIE",NJ 00 24,http://canmore.org.uk/site/139356
139359,NH92NE 32,"57° 18' 27.75"" N","003° 40' 13.59"" W",Finlarig,Pictish Symbol Stone (Pictish),HIGHLAND,MORAYSHIRE,"CROMDALE, INVERALLAN AND ADVIE",NH 99466 25352,http://canmore.org.uk/site/139359
228,HU15NE 8,"60° 18' 9.61"" N","001° 39' 20.94"" W",Sandness,Pictish Symbol Stone (7th Century),SHETLAND ISLANDS,SHETLAND,WALLS AND SANDNESS,HU 1912 5765,http://canmore.org.uk/site/228
2183,HY32NE 31,"59° 07' 11.65"" N","003° 05' 53.17"" W",Sands Of Evie,Pictish Symbol Stone (Pictish),ORKNEY ISLANDS,ORKNEY,EVIE AND RENDALL,HY 3723 2640,http://canmore.org.uk/site/2183
6567,NC80SW 16,"57° 58' 40.29"" N","003° 57' 4.41"" W","Golspie, Dunrobin, Dairy Park","Cairn (Period Unassigned), Long Cist (Early Medieval), Pictish Symbol Stone (Pictish)",HIGHLAND,SUTHERLAND,GOLSPIE,NC 8470 0039,http://canmore.org.uk/site/6567
6576,NC80SW 24,"57° 58' 46.34"" N","003° 56' 50.13"" W",Dunrobin,"Cairn (Period Unassigned), Long Cist(S) (Early Medieval), Pictish Symbol Stone (Pictish)",HIGHLAND,SUTHERLAND,GOLSPIE,NC 8494 0057,http://canmore.org.uk/site/6576
6594,NC80SW 9,"57° 58' 32.27"" N","003° 58' 24.33"" W",Golspie,"Cist (Period Unassigned), Pictish Symbol Stone (Pictish)",HIGHLAND,SUTHERLAND,GOLSPIE,NC 8338 0018,http://canmore.org.uk/site/6594
6947,NC90NW 15,"58° 02' 55.5"" N","003° 49' 2.38"" W",Kintradwell,Pictish Symbol Stone (Pictish),HIGHLAND,SUTHERLAND,LOTH,NC 9283 0806,http://canmore.org.uk/site/6947
6951,NC90NW 19,"58° 02' 16.76"" N","003° 50' 27.62"" W",Clynemilton,Pictish Symbol Stone (Pictish),HIGHLAND,SUTHERLAND,CLYNE,NC 914 069,http://canmore.org.uk/site/6951
6953,NC90NW 20,"58° 02' 16.76"" N","003° 50' 27.62"" W",Clynemilton,Pictish Symbol Stone (Pictish),HIGHLAND,SUTHERLAND,CLYNE,NC 914 069,http://canmore.org.uk/site/6953
7438,ND01NW 23,"58° 07' 26.35"" N","003° 37' 41.76"" W","Navidale, St Ninian's Chapel","Chapel (Early Medieval), Pictish Symbol Stone (Pictish), Well (Early Medieval)",HIGHLAND,SUTHERLAND,KILDONAN,ND 0419 1615,http://canmore.org.uk/site/7438
8144,ND13SE 27,"58° 16' 47.06"" N","003° 22' 8.53"" W",Latheron,"Ogham Inscribed Stone (Pictish), Pictish Symbol Stone (Pictish)",HIGHLAND,CAITHNESS,LATHERON,ND 1981 3315,http://canmore.org.uk/site/8144
8431,ND16NW 13,"58° 35' 54.03"" N","003° 30' 23.02"" W","Ulbster, 'the Ulbster Stone'","Cross Slab (Pictish), Pictish Symbol Stone (Pictish)",HIGHLAND,CAITHNESS,THURSO,ND 1255 6879,http://canmore.org.uk/site/8431
9065,ND34SW 57,"58° 21' 0.1"" N","003° 10' 39.48"" W",Groat's Loch,"Cairn (Period Unassigned), Pictish Symbol Stone (Pictish)",HIGHLAND,CAITHNESS,WICK,ND 31171 40763,http://canmore.org.uk/site/9065
10189,NF85NW 5,"57° 28' 51.45"" N","007° 20' 29.62"" W","Benbecula, Strome Shunnamal",Pictish Symbol Stone (Pictish),WESTERN ISLES,INVERNESS-SHIRE,SOUTH UIST,NF 800 560,http://canmore.org.uk/site/10189
10831,NG24NW 3,"57° 25' 28.84"" N","006° 35' 53.44"" W","Skye, Tobar Na Maor, Duirinish","Pictish Symbol Stone (Pictish), Well (Period Unassigned)",HIGHLAND,INVERNESS-SHIRE,DUIRINISH,NG 2408 4648,http://canmore.org.uk/site/10831
11078,NG33SW 3,"57° 19' 5.65"" N","006° 26' 11.61"" W","Skye, Fiskavaig Bay",Pictish Symbol Stone (Pictish),HIGHLAND,INVERNESS-SHIRE,BRACADALE,NG 330 340,http://canmore.org.uk/site/11078
11962,NG87NW 9,"57° 43' 1.36"" N","005° 40' 58.61"" W","Gairloch, Pictish Symbol Stone",Pictish Symbol Stone (Pictish),HIGHLAND,ROSS AND CROMARTY,GAIRLOCH,NG 8075 7565,http://canmore.org.uk/site/11962
12458,NH45NE 6,"57° 35' 28.33"" N","004° 32' 11.11"" W","Strathpeffer, Clach An Tiompain",Pictish Symbol Stone (Pictish),HIGHLAND,ROSS AND CROMARTY,FODDERTY,NH 48487 58511,http://canmore.org.uk/site/12458
12828,NH55SE 14,"57° 33' 40.4"" N","004° 24' 37.39"" W",Torgorm,Pictish Symbol Stone (Pictish),HIGHLAND,ROSS AND CROMARTY,URQUHART AND LOGIE WESTER,NH 559 549,http://canmore.org.uk/site/12828
13529,NH64SE 46,"57° 27' 53.45"" N","004° 13' 38.19"" W",Inverness,Pictish Symbol Stone (Pictish),HIGHLAND,INVERNESS-SHIRE,INVERNESS AND BONA,NH 665 438,http://canmore.org.uk/site/13529
13546,NH64SW 13,"57° 26' 0.59"" N","004° 16' 36.67"" W","Cullaird, Scaniport",Pictish Symbol Stone (Pictish),HIGHLAND,INVERNESS-SHIRE,DORES,NH 6341 4041,http://canmore.org.uk/site/13546
13617,NH66NE 12,"57° 41' 30.23"" N","004° 12' 51.68"" W","Rosskeen, 'clach A' Mheirlich'","Pictish Symbol Stone (Pictish), Standing Stone (Prehistoric)(Possible)",HIGHLAND,ROSS AND CROMARTY,ROSSKEEN,NH 68099 69025,http://canmore.org.uk/site/13617
15261,NH87NE 7,"57° 46' 1.7"" N","003° 53' 46.63"" W","Hilton Of Cadboll, 'cadboll Stone'","Cross Slab (Pictish), Pictish Symbol Stone (Pictish)",HIGHLAND,ROSS AND CROMARTY,FEARN,NH 87291 76843,http://canmore.org.uk/site/15261
15429,NH92SE 1,"57° 15' 50.77"" N","003° 44' 15.17"" W",Lynchurn,Pictish Symbol Stone (Pictish),HIGHLAND,INVERNESS-SHIRE,DUTHIL AND ROTHIEMURCHUS,NH 953 206,http://canmore.org.uk/site/15429
15529,NH95NE 3,"57° 35' 51.4"" N","003° 42' 4.09"" W","Brodie, Rodney's Stone","Cross Slab (Pictish), Ogham Inscribed Stone (Pictish), Pictish Symbol Stone (Pictish)",MORAY,MORAYSHIRE,DYKE AND MOY,NH 98425 57665,http://canmore.org.uk/site/15529
15638,NH98SW 15,"57° 49' 57.4"" N","003° 49' 43.19"" W",Tarbat,"Cross Slab (Pictish), Pictish Symbol Stone (Pictish)",HIGHLAND,ROSS AND CROMARTY,TARBAT,NH 9151 8402,http://canmore.org.uk/site/15638
16036,NJ13SW 2,"57° 23' 25.5"" N","003° 27' 17.43"" W",Advie,Pictish Symbol Stone (Pictish),HIGHLAND,MORAYSHIRE,"CROMDALE, INVERALLAN AND ADVIE",NJ 1265 3426,http://canmore.org.uk/site/16036
16043,NJ14SE 11,"57° 28' 6.55"" N","003° 21' 30.25"" W",Knockando,Pictish Symbol Stone (Pictish),MORAY,MORAYSHIRE,KNOCKANDO,NJ 1862 4283,http://canmore.org.uk/site/16043
16044,NJ14SE 12,"57° 28' 6.55"" N","003° 21' 30.25"" W",Knockando,Pictish Symbol Stone (Pictish),MORAY,MORAYSHIRE,KNOCKANDO,NJ 1862 4283,http://canmore.org.uk/site/16044
17009,NJ40SE 12,"57° 07' 48.35"" N","002° 53' 27.95"" W",Corrachree Symbol Stone,Pictish Symbol Stone (Pictish),ABERDEENSHIRE,ABERDEENSHIRE,LOGIE-COLDSTONE,NJ 46155 04698,http://canmore.org.uk/site/17009
18159,NJ62NW 38,"57° 20' 9.63"" N","002° 38' 31.19"" W","Dead Man's Howe, Wantonwells",Pictish Symbol Stone (Pictish),ABERDEENSHIRE,ABERDEENSHIRE,INSCH,NJ 6145 2745,http://canmore.org.uk/site/18159
19034,NJ73NE 12,"57° 25' 47.11"" N","002° 23' 14.39"" W",Fyvie,Pictish Symbol Stone (Pictish),ABERDEENSHIRE,ABERDEENSHIRE,FYVIE,NJ 7684 3777,http://canmore.org.uk/site/19034
19036,NJ73NE 14,"57° 25' 47.11"" N","002° 23' 14.39"" W",Fyvie,Pictish Symbol Stone (Pictish),ABERDEENSHIRE,ABERDEENSHIRE,FYVIE,NJ 7684 3777,http://canmore.org.uk/site/19036
26956,NO03NE 1,"56° 32' 8.99"" N","003° 28' 29.72"" W",Gellyburn,"Cross Slab (Pictish), Pictish Symbol Stone (Pictish)",PERTH AND KINROSS,PERTHSHIRE,LITTLE DUNKELD,NO 0939 3917,http://canmore.org.uk/site/26956
29885,NO20NW 23,"56° 14' 32.44"" N","003° 13' 17.08"" W",East Lomond Hill,Pictish Symbol Stone (Pictish),FIFE,FIFE,FALKLAND,NO 2440 0620,http://canmore.org.uk/site/29885
30302,NO21SW 21,"56° 16' 36.5"" N","003° 16' 44.53"" W",Strathmiglo,Pictish Symbol Stone (Pictish),FIFE,FIFE,STRATHMIGLO,NO 209 101,http://canmore.org.uk/site/30302
30552,NO23NW 1,"56° 32' 14.74"" N","003° 14' 27.39"" W",Kettins Churchyard,"Cross Slab (Pictish), Pictish Symbol Stone (Pictish)",PERTH AND KINROSS,ANGUS,KETTINS,NO 23782 39063,http://canmore.org.uk/site/30552
30680,NO23SW 4,"56° 29' 2.99"" N","003° 17' 21.89"" W","Collace, Fairygreen",Pictish Symbol Stone (Pictish),PERTH AND KINROSS,PERTHSHIRE,CARGILL,NO 2069 3319,http://canmore.org.uk/site/30680
30756,NO24NW 14,"56° 37' 28.28"" N","003° 14' 6.11"" W",Alyth,"Cross Slab (Pictish), Pictish Symbol Stone (Pictish)",PERTH AND KINROSS,PERTHSHIRE,ALYTH,NO 2432 4875,http://canmore.org.uk/site/30756
31054,NO25SE 17,"56° 38' 24.23"" N","003° 09' 34.1"" W",Bruceton,Pictish Symbol Stone (Pictish),PERTH AND KINROSS,PERTHSHIRE,ALYTH,NO 28985 50399,http://canmore.org.uk/site/31054
31171,NO30NE 1,"56° 16' 28.67"" N","003° 01' 48.93"" W",Walton,Pictish Symbol Stone (Pictish),FIFE,FIFE,CULTS,NO 363 096,http://canmore.org.uk/site/31171
31328,NO30SE 15,"56° 12' 13.22"" N","002° 59' 40.21"" W",Scoonie,"Cross Slab (Pictish), Ogham Inscribed Stone (Pictish), Pictish Symbol Stone (Pictish)",FIFE,FIFE,SCOONIE (KIRKCALDY),NO 3840 0167,http://canmore.org.uk/site/31328
32773,NO40SW 2,"56° 13' 13.21"" N","002° 55' 53.03"" W",Largo,"Cross Slab (Pictish), Pictish Symbol Stone (Pictish)",FIFE,FIFE,LARGO,NO 4234 0347,http://canmore.org.uk/site/32773
33410,NO43SE 253,"56° 28' 50.15"" N","002° 49' 15.68"" W",Monifieth,"Cross Slab (Pictish), Pictish Symbol Stone (Pictish)",ANGUS,ANGUS,MONIFIETH (ANGUS),NO 4953 3235,http://canmore.org.uk/site/33410
34815,NO55NW 33,"56° 41' 23.12"" N","002° 46' 43.36"" W","Flemington, Aberlemno",Pictish Symbol Stone (Pictish),ANGUS,ANGUS,ABERLEMNO,NO 524 556,http://canmore.org.uk/site/34815
36067,NO67NE 15,"56° 54' 18.25"" N","002° 34' 5.69"" W","St Ringan's Cairn, Redstone Hill","Cross Slab (Pictish), Pictish Symbol Stone (Pictish)",ABERDEENSHIRE,KINCARDINESHIRE,FORDOUN,NO 6549 7944,http://canmore.org.uk/site/36067
36458,NO77NW 32,"56° 53' 46.66"" N","002° 27' 4.44"" W","Auchenblae, Fordoun Parish Church, Fordoun Stone","Cross Slab (Pictish), Ogham Inscribed Stone (Pictish), Pictish Symbol Stone (Pictish)",ABERDEENSHIRE,KINCARDINESHIRE,FORDOUN,NO 7261 7841,http://canmore.org.uk/site/36458
52135,NT27SE 130,"55° 56' 58.57"" N","003° 12' 9.25"" W","Edinburgh, Princes Street Gardens",Pictish Symbol Stone (Pictish),"EDINBURGH, CITY OF",MIDLOTHIAN,"EDINBURGH (EDINBURGH, CITY OF)",NT 250 736,http://canmore.org.uk/site/52135
318992,ND16SW 22,"58° 32' 16.57"" N","003° 29' 40.29"" W",Skinnet Chapel,"Cross Slab (Pictish), Pictish Symbol Stone (Pictish)",HIGHLAND,CAITHNESS,HALKIRK,ND 1309 6205,http://canmore.org.uk/site/318992
1797,HY22NW 11,"59° 08' 11.73"" N","003° 19' 48.73"" W","Brough Of Birsay, Pictish Symbol Stone",Pictish Symbol Stone (Pictish),ORKNEY ISLANDS,ORKNEY,BIRSAY AND HARRAY,HY 2398 2850,http://canmore.org.uk/site/1797
3002,HY50NW 41,"58° 58' 7.41"" N","002° 47' 37.75"" W",Ness,Pictish Symbol Stone (Pictish),ORKNEY ISLANDS,ORKNEY,ST ANDREWS AND DEERNESS,HY 5445 0932,http://canmore.org.uk/site/3002
5694,NC64SE 23,"58° 21' 53.67"" N","004° 14' 27.49"" W",Langdale,Pictish Symbol Stone (Pictish),HIGHLAND,SUTHERLAND,FARR,NC 69 44,http://canmore.org.uk/site/5694
6412,NC76SW 17,"58° 32' 12.84"" N","004° 09' 57.71"" W",Kirtomy,Pictish Symbol Stone (Pictish),HIGHLAND,SUTHERLAND,FARR,NC 74 63,http://canmore.org.uk/site/6412
6459,NC80NE 170,"58° 01' 48.35"" N","003° 52' 24.13"" W","Clynekirkton, Parish Church","Burial Ground (Period Unassigned), Chapel (Medieval), Church (18th Century), Cross Slab (Early Medieval), Pictish Symbol Stone(S) (Pictish)",HIGHLAND,SUTHERLAND,CLYNE,NC 89465 06074,http://canmore.org.uk/site/6459
6460,NC80NE 171,"58° 01' 48.21"" N","003° 52' 24.43"" W",Clynekirkton,Pictish Symbol Stone (Pictish),HIGHLAND,SUTHERLAND,CLYNE,NC 8946 0607,http://canmore.org.uk/site/6460
6461,NC80NE 172,"58° 01' 48.21"" N","003° 52' 24.43"" W",Clynekirkton,Pictish Symbol Stone (Pictish),HIGHLAND,SUTHERLAND,CLYNE,NC 8946 0607,http://canmore.org.uk/site/6461
6943,NC90NW 140,"58° 03' 6.13"" N","003° 48' 42.79"" W",Kintradwell Links,Pictish Symbol Stone(S) (Pictish),HIGHLAND,SUTHERLAND,LOTH,NC 9316 0838,http://canmore.org.uk/site/6943
7247,NC96NE 10,"58° 33' 43.17"" N","003° 48' 11.59"" W",Sandside House,"Cross Incised Stone (Early Medieval), Pictish Symbol Stone(S) (Pictish)",HIGHLAND,CAITHNESS,REAY,NC 95193 65169,http://canmore.org.uk/site/7247
9131,ND35NW 5,"58° 30' 34.04"" N","003° 08' 8.83"" W","Keiss, Birkle Hills","Long Cist(S) (Early Medieval), Pictish Symbol Stone (Pictish), Shell Midden (Period Unassigned)",HIGHLAND,CAITHNESS,WICK,ND 3392 5847,http://canmore.org.uk/site/9131
9585,ND49SE 1,"58° 48' 6.95"" N","002° 55' 3.84"" W","South Ronaldsay, St Peters Church",Pictish Symbol Stone (Pictish),ORKNEY ISLANDS,ORKNEY,SOUTH RONALDSAY,ND 4707 9084,http://canmore.org.uk/site/9585
11977,NG88SE 10,"57° 46' 1.88"" N","005° 35' 57.22"" W",Inverewe Church,"Burial Ground (Period Unassigned), Church (Period Unassigned), Font (Period Unassigned), Pictish Symbol Stone (Pictish)",HIGHLAND,ROSS AND CROMARTY,GAIRLOCH,NG 8603 8096,http://canmore.org.uk/site/11977
13163,NH63NW 13,"57° 23' 16.25"" N","004° 19' 16.6"" W","Dores, Clune Farm",Pictish Symbol Stone (Pictish),HIGHLAND,INVERNESS-SHIRE,DORES,NH 6057 3542,http://canmore.org.uk/site/13163
14653,NH78NW 2,"57° 50' 11.68"" N","004° 10' 37.85"" W","Clach Chairidh, Edderton","Pictish Symbol Stone (Pictish), Standing Stone (Prehistoric)",HIGHLAND,ROSS AND CROMARTY,EDDERTON,NH 70833 85074,http://canmore.org.uk/site/14653
15344,NH89NW 25,"57° 56' 34.69"" N","004° 00' 18.3"" W",Littleferry Links,Pictish Symbol Stone (Pictish),HIGHLAND,SUTHERLAND,GOLSPIE,NH 814 966,http://canmore.org.uk/site/15344
15498,NH94SW 10,"57° 27' 40.64"" N","003° 46' 27.73"" W","Glenferness House, Princess Stone","Cross Slab (Pictish), Pictish Symbol Stone (Pictish)",HIGHLAND,NAIRN,ARDCLACH,NH 93652 42604,http://canmore.org.uk/site/15498
16013,NJ13NE 73,"57° 25' 16.28"" N","003° 21' 44.32"" W",Inveravon,Pictish Symbol Stone (Pictish),MORAY,BANFFSHIRE,INVERAVON,NJ 1828 3757,http://canmore.org.uk/site/16013
16329,NJ23SW 2,"57° 21' 46.48"" N","003° 19' 3.32"" W",Tom Na Heron,Pictish Symbol Stone (Pictish),MORAY,BANFFSHIRE,INVERAVON,NJ 2084 3103,http://canmore.org.uk/site/16329
16482,NJ26NW 31,"57° 42' 34.32"" N","003° 18' 20.35"" W",Drainie,Pictish Symbol Stone (Pictish),MORAY,MORAYSHIRE,DRAINIE,NJ 223 696,http://canmore.org.uk/site/16482
17814,NJ54NE 25,"57° 30' 40.53"" N","002° 47' 11.81"" W",North Redhill,Pictish Symbol Stone (Pictish),MORAY,BANFFSHIRE,ROTHIEMAY,NJ 5297 4705,http://canmore.org.uk/site/17814
18591,NJ71NE 322,"57° 14' 14.55"" N","002° 20' 35.04"" W",Kintore,Pictish Symbol Stone (Pictish),ABERDEENSHIRE,ABERDEENSHIRE,KINTORE,NJ 7939 1634,http://canmore.org.uk/site/18591
18875,NJ72SE 113,"57° 16' 32.73"" N","002° 21' 58.12"" W",Inverurie,Pictish Symbol Stone (Pictish),ABERDEENSHIRE,ABERDEENSHIRE,INVERURIE,NJ 7802 2062,http://canmore.org.uk/site/18875
19102,NJ73NW 19,"57° 25' 48.61"" N","002° 25' 31.11"" W",Rothiebrisbane,Pictish Symbol Stone (Pictish),ABERDEENSHIRE,ABERDEENSHIRE,FYVIE,NJ 7456 3783,http://canmore.org.uk/site/19102
21384,NL68NW 20,"56° 51' 14.82"" N","007° 34' 6.19"" W",Pabbay,"Chapel (Medieval), Cross Slab(S) (Early Medieval), Midden (Period Unassigned), Pictish Symbol Stone (Pictish)",WESTERN ISLES,INVERNESS-SHIRE,BARRA,NL 6072 8745,http://canmore.org.uk/site/21384
27158,NO04SW 12,"56° 33' 54.5"" N","003° 35' 25.11"" W","Dunkeld, Dunkeld Cathedral",Pictish Symbol Stone (Pictish),PERTH AND KINROSS,PERTHSHIRE,DUNKELD AND DOWALLY,NO 0237 4259,http://canmore.org.uk/site/27158
28487,NO13NE 21,"56° 30' 23.49"" N","003° 21' 49.55"" W",Moonshade,"Pictish Symbol Stone (Pictish)(Possible), Standing Stone(S) (Neolithic) - (Bronze Age)",PERTH AND KINROSS,PERTHSHIRE,CARGILL,NO 16161 35767,http://canmore.org.uk/site/28487
30156,NO21SE 18,"56° 18' 22.93"" N","003° 08' 41.0"" W","Newton Of Collessie, Standing Stone","Pictish Symbol Stone (Pictish), Standing Stone (Prehistoric)",FIFE,FIFE,COLLESSIE,NO 29271 13244,http://canmore.org.uk/site/30156
30838,NO24SE 251,"56° 35' 16.25"" N","003° 09' 43.88"" W",Meigle,"Cross Slab (Early Medieval), Cup And Ring Marked Stone (Neolithic) - (Bronze Age), Pictish Symbol Stone (Pictish)",PERTH AND KINROSS,PERTHSHIRE,MEIGLE,NO 2872 4459,http://canmore.org.uk/site/30838
30843,NO24SE 2514,"56° 35' 16.25"" N","003° 09' 43.88"" W",Meigle,"Cross Slab (Pictish), Pictish Symbol Stone (Pictish)",PERTH AND KINROSS,PERTHSHIRE,MEIGLE,NO 2872 4459,http://canmore.org.uk/site/30843
30844,NO24SE 2515,"56° 35' 16.25"" N","003° 09' 43.88"" W",Meigle,"Cross Slab (Pictish), Pictish Symbol Stone (Pictish)",PERTH AND KINROSS,PERTHSHIRE,MEIGLE,NO 2872 4459,http://canmore.org.uk/site/30844
30846,NO24SE 2517,"56° 35' 16.25"" N","003° 09' 43.88"" W",Meigle,"Cross Slab (Pictish), Pictish Symbol Stone (Pictish)",PERTH AND KINROSS,PERTHSHIRE,MEIGLE,NO 2872 4459,http://canmore.org.uk/site/30846
30847,NO24SE 2518,"56° 35' 16.25"" N","003° 09' 43.88"" W",Meigle,"Cross Slab (Pictish), Pictish Symbol Stone (Pictish)",PERTH AND KINROSS,PERTHSHIRE,MEIGLE,NO 2872 4459,http://canmore.org.uk/site/30847
30848,NO24SE 2519,"56° 35' 16.25"" N","003° 09' 43.88"" W",Meigle,"Cross Slab (Pictish), Pictish Symbol Stone (Pictish)",PERTH AND KINROSS,PERTHSHIRE,MEIGLE,NO 2872 4459,http://canmore.org.uk/site/30848
30849,NO24SE 252,"56° 35' 16.25"" N","003° 09' 43.88"" W",Meigle,"Cross Slab (Pictish), Pictish Symbol Stone (Pictish)",PERTH AND KINROSS,PERTHSHIRE,MEIGLE,NO 2872 4459,http://canmore.org.uk/site/30849
30851,NO24SE 2521,"56° 35' 16.25"" N","003° 09' 43.88"" W",Meigle,"Cross Slab (Pictish), Pictish Symbol Stone (Pictish)",PERTH AND KINROSS,PERTHSHIRE,MEIGLE,NO 2872 4459,http://canmore.org.uk/site/30851
30853,NO24SE 2523,"56° 35' 16.25"" N","003° 09' 43.88"" W",Meigle,"Cross Slab (Pictish), Pictish Symbol Stone (Pictish)",PERTH AND KINROSS,PERTHSHIRE,MEIGLE,NO 2872 4459,http://canmore.org.uk/site/30853
30854,NO24SE 2524,"56° 35' 16.25"" N","003° 09' 43.88"" W",Meigle,"Cross Slab (Pictish), Pictish Symbol Stone (Pictish)",PERTH AND KINROSS,PERTHSHIRE,MEIGLE,NO 2872 4459,http://canmore.org.uk/site/30854
30857,NO24SE 2527,"56° 35' 16.25"" N","003° 09' 43.88"" W",Meigle,"Cross Slab (Pictish), Pictish Symbol Stone (Pictish)",PERTH AND KINROSS,PERTHSHIRE,MEIGLE,NO 2872 4459,http://canmore.org.uk/site/30857
30860,NO24SE 253,"56° 35' 16.25"" N","003° 09' 43.88"" W",Meigle,"Cross Slab (Pictish), Pictish Symbol Stone (Pictish)",PERTH AND KINROSS,PERTHSHIRE,MEIGLE,NO 2872 4459,http://canmore.org.uk/site/30860
30864,NO24SE 254,"56° 35' 16.25"" N","003° 09' 43.88"" W",Meigle,"Cross Slab (Pictish), Pictish Symbol Stone (Pictish)",PERTH AND KINROSS,PERTHSHIRE,MEIGLE,NO 2872 4459,http://canmore.org.uk/site/30864
30865,NO24SE 255,"56° 35' 16.25"" N","003° 09' 43.88"" W",Meigle,"Cross Slab (Pictish), Pictish Symbol Stone (Pictish)",PERTH AND KINROSS,PERTHSHIRE,MEIGLE,NO 2872 4459,http://canmore.org.uk/site/30865
30866,NO24SE 256,"56° 35' 16.25"" N","003° 09' 43.88"" W",Meigle,"Cross Slab (Pictish), Pictish Symbol Stone (Pictish)",PERTH AND KINROSS,PERTHSHIRE,MEIGLE,NO 2872 4459,http://canmore.org.uk/site/30866
30867,NO24SE 257,"56° 35' 16.25"" N","003° 09' 43.88"" W",Meigle,"Cross Slab (Pictish), Pictish Symbol Stone (Pictish)",PERTH AND KINROSS,PERTHSHIRE,MEIGLE,NO 2872 4459,http://canmore.org.uk/site/30867
31715,NO32NW 14,"56° 27' 22.24"" N","003° 07' 39.57"" W",Longforgan,Pictish Symbol Stone (Pictish),PERTH AND KINROSS,PERTHSHIRE,LONGFORGAN (PERTH AND KINROSS),NO 306 299,http://canmore.org.uk/site/31715
32299,NO35SE 201,"56° 40' 41.27"" N","002° 59' 52.78"" W",Kirriemuir,"Cross Slab (Pictish), Pictish Symbol Stone (Pictish)",ANGUS,ANGUS,KIRRIEMUIR,NO 3895 5448,http://canmore.org.uk/site/32299
33408,NO43SE 251,"56° 28' 50.15"" N","002° 49' 15.68"" W",Monifieth,"Cross Slab (Pictish), Pictish Symbol Stone (Pictish)",ANGUS,ANGUS,MONIFIETH (ANGUS),NO 4953 3235,http://canmore.org.uk/site/33408
33775,NO45SE 3,"56° 40' 19.54"" N","002° 52' 5.16"" W",Baggerton,Pictish Symbol Stone (Pictish),ANGUS,ANGUS,RESCOBIE,NO 469 537,http://canmore.org.uk/site/33775
35444,NO64NW 12,"56° 36' 59.35"" N","002° 35' 29.2"" W",Kinblethmont,Pictish Symbol Stone (7th Century),ANGUS,ANGUS,INVERKEILOR,NO 6380 4733,http://canmore.org.uk/site/35444
35560,NO64SW 31,"56° 34' 37.39"" N","002° 35' 25.22"" W","St Vigeans, 'drosten Stone'","Cross Slab (Pictish), Pictish Symbol Stone (Pictish)",ANGUS,ANGUS,ARBROATH AND ST VIGEANS,NO 6383 4294,http://canmore.org.uk/site/35560
37143,NO89SW 10,"57° 00' 28.96"" N","002° 17' 33.4"" W","Auquhollie, Lang Stane","Ogham Inscribed Stone (Pictish), Pictish Symbol Stone (Pictish), Standing Stone (Prehistoric)",ABERDEENSHIRE,KINCARDINESHIRE,FETTERESSO,NO 82326 90797,http://canmore.org.uk/site/37143
73810,NJ05NW 86,"57° 36' 32.43"" N","003° 36' 34.28"" W","Forres, 7 Saint Leonards Road, Rosebank",Pictish Symbol Stone (Pictish),MORAY,MORAYSHIRE,FORRES,NJ 0393 5880,http://canmore.org.uk/site/73810
78421,HY45SE 68,"59° 21' 4.4"" N","002° 54' 58.17"" W","Papa Westray, St Boniface's Church","Composite Slab Shrine (Early Medieval)(Possible), Pictish Symbol Stone (Pictish)",ORKNEY ISLANDS,ORKNEY,PAPA WESTRAY,HY 48 52,http://canmore.org.uk/site/78421
79896,NO14SW 131,"56° 33' 33.95"" N","003° 24' 0.05"" W",Lethendy House,"Cross Slab (Pictish), Pictish Symbol Stone (Pictish)",PERTH AND KINROSS,PERTHSHIRE,LETHENDY,NO 1405 4170,http://canmore.org.uk/site/79896
269922,NH54NW 155,"57° 28' 20.06"" N","004° 29' 13.02"" W",Balblair (Duplicate),"Cup Marked Stone (Neolithic) - (Bronze Age), Pictish Symbol Stone (Pictish)",HIGHLAND,INVERNESS-SHIRE,KILMORACK,NH 50958 45163,http://canmore.org.uk/site/269922
318444,NO43NE 61,"56° 30' 17.4"" N","002° 52' 37.01"" W",Murroes,"Cross Slab (Pictish), Pictish Symbol Stone (Pictish)",ANGUS,ANGUS,MURROES (ANGUS),NO 4612 3509,http://canmore.org.uk/site/318444
319016,ND07SW 41,"58° 36' 29.28"" N","003° 40' 48.56"" W",Crosskirk,Pictish Symbol Stone (Pictish),HIGHLAND,CAITHNESS,REAY,ND 0248 7012,http://canmore.org.uk/site/319016
319725,NJ54NW 80,"57° 30' 40.53"" N","002° 47' 11.81"" W",Tillytarmont No. 3,Pictish Symbol Stone (Pictish),MORAY,BANFFSHIRE,ROTHIEMAY,NJ 5297 4705,http://canmore.org.uk/site/319725
319726,NJ54NW 81,"57° 30' 40.53"" N","002° 47' 11.81"" W",Tillytarmont,Pictish Symbol Stone(S) (Pictish),MORAY,BANFFSHIRE,ROTHIEMAY,NJ 5297 4705,http://canmore.org.uk/site/319726
1050,HU44SE 21,"60° 09' 3.33"" N","001° 09' 18.95"" W",Lerwick,Pictish Symbol Stone (Pictish),SHETLAND ISLANDS,SHETLAND,LERWICK,HU 47 41,http://canmore.org.uk/site/1050
1417,HU69NW 6,"60° 39' 39.29"" N","000° 54' 14.75"" W",Uyea,"Pictish Symbol Stone (Pictish), Cinerary Urn (Period Unassigned)",SHETLAND ISLANDS,SHETLAND,UNST,HU 60 98,http://canmore.org.uk/site/1417
6942,NC90NW 13,"58° 02' 51.75"" N","003° 48' 53.04"" W",Kintradwell Links,Pictish Symbol Stone (Pictish),HIGHLAND,SUTHERLAND,LOTH,NC 9298 0794,http://canmore.org.uk/site/6942
8149,ND13SE 31,"58° 16' 56.17"" N","003° 22' 3.35"" W","Latheron Mains, Farmhouse, Pictish Symbol Stone",Pictish Symbol Stone (Pictish),HIGHLAND,CAITHNESS,LATHERON,ND 1990 3343,http://canmore.org.uk/site/8149
8395,ND16NE 22,"58° 36' 5.49"" N","003° 23' 58.15"" W",Craig Of Hattel,Pictish Symbol Stone (Pictish)(Possible),HIGHLAND,CAITHNESS,OLRIG,ND 1877 6901,http://canmore.org.uk/site/8395
14913,NH80SW 21,"57° 07' 2.38"" N","003° 56' 56.48"" W",Dunachton,Pictish Symbol Stone (Pictish),HIGHLAND,INVERNESS-SHIRE,ALVIE,NH 8208 0461,http://canmore.org.uk/site/14913
15339,NH89NW 20,"57° 56' 34.69"" N","004° 00' 18.3"" W",Littleferry Links,"Midden(S) (Prehistoric), Pictish Symbol Stone(S) (Pictish), Lithic Implement(S) (Flint)(Prehistoric)",HIGHLAND,SUTHERLAND,GOLSPIE,NH 814 966,http://canmore.org.uk/site/15339
17184,NJ42NE 221,"57° 19' 55.84"" N","002° 50' 7.58"" W",Rhynie,Pictish Symbol Stone (Pictish),ABERDEENSHIRE,ABERDEENSHIRE,RHYNIE,NJ 4980 2715,http://canmore.org.uk/site/17184
17185,NJ42NE 222,"57° 19' 55.84"" N","002° 50' 7.58"" W",Rhynie,Pictish Symbol Stone (Pictish),ABERDEENSHIRE,ABERDEENSHIRE,RHYNIE,NJ 4980 2715,http://canmore.org.uk/site/17185
18085,NJ62NE 121,"57° 21' 24.4"" N","002° 33' 46.48"" W",Newton House,Pictish Symbol Stone (Pictish),ABERDEENSHIRE,ABERDEENSHIRE,CULSALMOND,NJ 6623 2972,http://canmore.org.uk/site/18085
18086,NJ62NE 122,"57° 21' 24.4"" N","002° 33' 46.48"" W","Newton House, The Newton Stone","Ogham Inscribed Stone (Early Medieval), Pictish Symbol Stone (Early Medieval)",ABERDEENSHIRE,ABERDEENSHIRE,CULSALMOND,NJ 6623 2972,http://canmore.org.uk/site/18086
18854,NJ72NW 71,"57° 19' 21.26"" N","002° 29' 38.9"" W",Logie Elphinstone,Pictish Symbol Stone (Pictish),ABERDEENSHIRE,ABERDEENSHIRE,CHAPEL OF GARIOCH,NJ 7034 2588,http://canmore.org.uk/site/18854
18855,NJ72NW 72,"57° 19' 21.26"" N","002° 29' 38.9"" W",Logie Elphinstone,"Ogham Inscribed Stone (Pictish), Pictish Symbol Stone (Pictish)",ABERDEENSHIRE,ABERDEENSHIRE,CHAPEL OF GARIOCH,NJ 7034 2588,http://canmore.org.uk/site/18855
18856,NJ72NW 73,"57° 19' 21.26"" N","002° 29' 38.9"" W",Logie Elphinstone,Pictish Symbol Stone (Pictish),ABERDEENSHIRE,ABERDEENSHIRE,CHAPEL OF GARIOCH,NJ 7034 2588,http://canmore.org.uk/site/18856
18857,NJ72NW 74,"57° 19' 21.26"" N","002° 29' 38.9"" W",Logie Elphinstone,Pictish Symbol Stone (Pictish),ABERDEENSHIRE,ABERDEENSHIRE,CHAPEL OF GARIOCH,NJ 7034 2588,http://canmore.org.uk/site/18857
18873,NJ72SE 111,"57° 16' 32.73"" N","002° 21' 58.12"" W",Inverurie,Pictish Symbol Stone (Pictish),ABERDEENSHIRE,ABERDEENSHIRE,INVERURIE,NJ 7802 2062,http://canmore.org.uk/site/18873
18874,NJ72SE 112,"57° 16' 32.73"" N","002° 21' 58.12"" W",Inverurie,Pictish Symbol Stone (Pictish),ABERDEENSHIRE,ABERDEENSHIRE,INVERURIE,NJ 7802 2062,http://canmore.org.uk/site/18874
19465,NJ81NE 81,"57° 13' 45.54"" N","002° 12' 29.99"" W","Dyce, Saint Fergus' Church, Pictish Symbol Stone No 1",Pictish Symbol Stone (Pictish),"ABERDEEN, CITY OF",ABERDEENSHIRE,DYCE,NJ 8752 1541,http://canmore.org.uk/site/19465
19466,NJ81NE 82,"57° 13' 45.54"" N","002° 12' 29.99"" W","Dyce, Saint Fergus' Church, Pictish Cross-slab No 2","Cross Slab (Pictish), Ogham Inscribed Stone (Pictish), Pictish Symbol Stone (Pictish)","ABERDEEN, CITY OF",ABERDEENSHIRE,DYCE,NJ 8752 1541,http://canmore.org.uk/site/19466
26341,NN95SE 4,"56° 38' 55.03"" N","003° 41' 4.93"" W","Logierait Churchyard, Cross Slab","Cross Slab (Pictish), Pictish Symbol Stone (Pictish)",PERTH AND KINROSS,PERTHSHIRE,LOGIERAIT,NN 96798 52019,http://canmore.org.uk/site/26341
26982,NO03NE 6,"56° 32' 9.9"" N","003° 28' 35.02"" W",Gellyburn,"Chapel (Period Unknown)(Possible), Composite Slab Shrine (Early Medieval)(Possible), Pictish Symbol Stone (Pictish)",PERTH AND KINROSS,PERTHSHIRE,LITTLE DUNKELD,NO 093 392,http://canmore.org.uk/site/26982
28930,NO14SW 130,"56° 33' 33.79"" N","003° 23' 59.87"" W",Lethendy House,"Country House (Medieval), Cross Slab (Medieval), Grave Slab (Medieval), Pictish Symbol Stone (Pictish), Tower House (Medieval)",PERTH AND KINROSS,PERTHSHIRE,LETHENDY,NO 14053 41695,http://canmore.org.uk/site/28930
29872,NO20NW 131,"56° 15' 8.33"" N","003° 13' 50.76"" W","Westfield, Falkland",Pictish Symbol Stone(S) (Pictish),FIFE,FIFE,FALKLAND,NO 2384 0732,http://canmore.org.uk/site/29872
29873,NO20NW 132,"56° 15' 8.33"" N","003° 13' 50.76"" W","Westfield, Falkland",Pictish Symbol Stone (Pictish),FIFE,FIFE,FALKLAND,NO 2384 0732,http://canmore.org.uk/site/29873
30858,NO24SE 2528,"56° 35' 16.25"" N","003° 09' 43.88"" W",Meigle,"Cross Slab (Pictish), Pictish Symbol Stone (Pictish)",PERTH AND KINROSS,PERTHSHIRE,MEIGLE,NO 2872 4459,http://canmore.org.uk/site/30858
30859,NO24SE 2529,"56° 35' 16.25"" N","003° 09' 43.88"" W",Meigle,"Cross Slab (Pictish), Pictish Symbol Stone (Pictish)",PERTH AND KINROSS,PERTHSHIRE,MEIGLE,NO 2872 4459,http://canmore.org.uk/site/30859
30862,NO24SE 2531,"56° 35' 16.25"" N","003° 09' 43.88"" W",Meigle,"Cross Slab (Pictish), Pictish Symbol Stone (Pictish)",PERTH AND KINROSS,PERTHSHIRE,MEIGLE,NO 2872 4459,http://canmore.org.uk/site/30862
30863,NO24SE 2532,"56° 35' 16.25"" N","003° 09' 43.88"" W",Meigle,"Cross Slab (Pictish), Pictish Symbol Stone (Pictish)",PERTH AND KINROSS,PERTHSHIRE,MEIGLE,NO 2872 4459,http://canmore.org.uk/site/30863
30868,NO24SE 258,"56° 35' 16.25"" N","003° 09' 43.88"" W",Meigle,Pictish Symbol Stone (Pictish),PERTH AND KINROSS,PERTHSHIRE,MEIGLE,NO 2872 4459,http://canmore.org.uk/site/30868
31880,NO33NE 72,"56° 30' 18.89"" N","003° 00' 41.34"" W",Strathmartine,"Cross Slab (Pictish), Pictish Symbol Stone (Pictish)",ANGUS,ANGUS,MAINS AND STRATHMARTINE (ANGUS),NO 3784 3525,http://canmore.org.uk/site/31880
32255,NO35NW 31,"56° 40' 55.35"" N","003° 05' 19.3"" W",Kingoldrum,"Cross Slab (Pictish), Pictish Symbol Stone (Pictish)",ANGUS,ANGUS,KINGOLDRUM,NO 334 550,http://canmore.org.uk/site/32255
32300,NO35SE 202,"56° 40' 41.27"" N","002° 59' 52.78"" W",Kirriemuir,"Cross Slab (Pictish), Pictish Symbol Stone (Pictish)",ANGUS,ANGUS,KIRRIEMUIR,NO 3895 5448,http://canmore.org.uk/site/32300
32301,NO35SE 203,"56° 40' 41.27"" N","002° 59' 52.78"" W",Kirriemuir,"Cross Slab (Pictish), Pictish Symbol Stone (Pictish)",ANGUS,ANGUS,KIRRIEMUIR,NO 3895 5448,http://canmore.org.uk/site/32301
33409,NO43SE 252,"56° 28' 50.15"" N","002° 49' 15.68"" W",Monifieth,"Cross Slab (Pictish), Pictish Symbol Stone (Pictish)",ANGUS,ANGUS,MONIFIETH (ANGUS),NO 4953 3235,http://canmore.org.uk/site/33409
34845,NO55NW 61,"56° 41' 56.23"" N","002° 47' 16.38"" W",Woodrae Castle,"Cross Slab(S) (Pictish), Pictish Symbol Stone(S) (Pictish)",ANGUS,ANGUS,ABERLEMNO,NO 5185 5663,http://canmore.org.uk/site/34845
34863,NO55NW 83,"56° 41' 31.76"" N","002° 46' 52.77"" W",Aberlemno 3,"Cross Base (Pictish), Cross Slab (Pictish), Pictish Symbol Stone (Pictish)",ANGUS,ANGUS,ABERLEMNO,NO 52243 55869,http://canmore.org.uk/site/34863
35571,NO64SW 32,"56° 34' 37.39"" N","002° 35' 25.22"" W",St Vigeans,"Cross Slab (Pictish), Pictish Symbol Stone (Pictish)",ANGUS,ANGUS,ARBROATH AND ST VIGEANS,NO 6383 4294,http://canmore.org.uk/site/35571
36230,NO75NW 21,"56° 42' 5.8"" N","002° 28' 34.81"" W","Inchbraoch, Braoch Road","Cross Slab (Pictish), Pictish Symbol Stone (Pictish)(Possible), Pictish Symbol Stone (Pictish)",ANGUS,ANGUS,MONTROSE,NO 7093 5675,http://canmore.org.uk/site/36230
54197,NT41SW 3,"55° 25' 3.72"" N","002° 53' 25.77"" W",Borthwick Mains,Pictish Symbol Stone (Pictish)(Possible),"SCOTTISH BORDERS, THE",ROXBURGHSHIRE,ROBERTON,NT 43728 14111,http://canmore.org.uk/site/54197
72108,HU42NW 51,"60° 02' 1.38"" N","001° 13' 28.79"" W",Mail Cemetery,Pictish Symbol Stone (Pictish),SHETLAND ISLANDS,SHETLAND,DUNROSSNESS,HU 4330 2790,http://canmore.org.uk/site/72108
79892,NO34SE 16,"56° 34' 40.74"" N","003° 03' 33.59"" W","Wester Denoon, Cross-slab","Cross Slab (Pictish), Pictish Symbol Stone (Pictish)",ANGUS,ANGUS,GLAMIS,NO 3502 4339,http://canmore.org.uk/site/79892
100617,NO20NE 31,"56° 15' 13.08"" N","003° 12' 22.59"" W","Falkland Palace, Pictish Symbol Stones",Pictish Symbol Stone(S) (Pictish),FIFE,FIFE,FALKLAND,NO 2536 0744,http://canmore.org.uk/site/100617
107566,NO59NE 182,"57° 03' 52.73"" N","002° 44' 7.52"" W","Birse Parish Church, Manse, Walled Garden, Pictish Symbol Stone","Cross Slab (Pictish), Pictish Symbol Stone (Pictish)",ABERDEENSHIRE,ABERDEENSHIRE,BIRSE,NO 555 973,http://canmore.org.uk/site/107566
132406,HY30SW 39,"58° 55' 5.28"" N","003° 09' 54.54"" W",Orphir,Pictish Symbol Stone(S) (Pictish),ORKNEY ISLANDS,ORKNEY,ORPHIR,HY 33 04,http://canmore.org.uk/site/132406
191750,NJ72SE 114,"57° 16' 32.73"" N","002° 21' 58.12"" W",Inverurie,Pictish Symbol Stone (Pictish),ABERDEENSHIRE,ABERDEENSHIRE,INVERURIE,NJ 7802 2062,http://canmore.org.uk/site/191750
288643,NJ40NW 22,"57° 08' 55.95"" N","002° 55' 58.51"" W","Migvie Churchyard, Symbol Stone","Cross Slab (9th Century), Pictish Symbol Stone (Pictish)",ABERDEENSHIRE,ABERDEENSHIRE,LOGIE-COLDSTONE,NJ 43652 06822,http://canmore.org.uk/site/288643
319201,NJ16NW 51,"57° 42' 11.81"" N","003° 29' 49.45"" W",Burghead,Pictish Symbol Stone (Pictish),MORAY,MORAYSHIRE,DUFFUS,NJ 1088 6914,http://canmore.org.uk/site/319201
319203,NJ16NW 53,"57° 42' 11.81"" N","003° 29' 49.45"" W",Burghead,Pictish Symbol Stone (Pictish),MORAY,MORAYSHIRE,DUFFUS,NJ 1088 6914,http://canmore.org.uk/site/319203
319204,NJ16NW 54,"57° 42' 11.81"" N","003° 29' 49.45"" W",Burghead,Pictish Symbol Stone (Pictish),MORAY,MORAYSHIRE,DUFFUS,NJ 1088 6914,http://canmore.org.uk/site/319204
319205,NJ16NW 55,"57° 42' 11.81"" N","003° 29' 49.45"" W",Burghead,Pictish Symbol Stone (Pictish),MORAY,MORAYSHIRE,DUFFUS,NJ 1088 6914,http://canmore.org.uk/site/319205
319206,NJ16NW 56,"57° 42' 11.81"" N","003° 29' 49.45"" W",Burghead,Pictish Symbol Stone (Pictish),MORAY,MORAYSHIRE,DUFFUS,NJ 1088 6914,http://canmore.org.uk/site/319206
319450,NL68NW 21,"56° 51' 14.82"" N","007° 34' 6.19"" W",Pabbay,"Cross Slab (Pictish), Pictish Symbol Stone (Pictish)",WESTERN ISLES,INVERNESS-SHIRE,BARRA,NL 6072 8745,http://canmore.org.uk/site/319450
319516,NJ02NE 11,"57° 19' 0.15"" N","003° 33' 56.9"" W","Parc-an-caipel, Congash, Congash 1",Pictish Symbol Stone (Pictish),HIGHLAND,INVERNESS-SHIRE,ABERNETHY AND KINCARDINE,NJ 05792 26204,http://canmore.org.uk/site/319516
319517,NJ02NE 12,"57° 19' 0.15"" N","003° 33' 57.08"" W","Parc-an-caipel, Congash, Congash 2",Pictish Symbol Stone (Early Medieval),HIGHLAND,INVERNESS-SHIRE,ABERNETHY AND KINCARDINE,NJ 05789 26204,http://canmore.org.uk/site/319517
319615,NO88SE 21,"56° 57' 12.48"" N","002° 11' 32.36"" W",Dunnicaer,Pictish Symbol Stone (Pictish),ABERDEENSHIRE,KINCARDINESHIRE,DUNNOTTAR,NO 884 847,http://canmore.org.uk/site/319615
319616,NO88SE 22,"56° 57' 10.52"" N","002° 11' 43.59"" W",Dunnicaer,Pictish Symbol Stone (Pictish),ABERDEENSHIRE,KINCARDINESHIRE,DUNNOTTAR,NO 8821 8464,http://canmore.org.uk/site/319616
319617,NO88SE 23,"56° 57' 10.52"" N","002° 11' 43.59"" W",Dunnicaer,Pictish Symbol Stone (Pictish),ABERDEENSHIRE,KINCARDINESHIRE,DUNNOTTAR,NO 8821 8464,http://canmore.org.uk/site/319617
319618,NO88SE 24,"56° 57' 10.52"" N","002° 11' 43.59"" W",Dunnicaer,Pictish Symbol Stone (Pictish),ABERDEENSHIRE,KINCARDINESHIRE,DUNNOTTAR,NO 8821 8464,http://canmore.org.uk/site/319618
319620,NO88SE 26,"56° 57' 10.52"" N","002° 11' 43.59"" W",Dunnicaer,Pictish Symbol Stone (Pictish),ABERDEENSHIRE,KINCARDINESHIRE,DUNNOTTAR,NO 8821 8464,http://canmore.org.uk/site/319620
319861,NJ33NW 139,"57° 26' 18.64"" N","003° 07' 39.21"" W","Mortlach, Mortlach 2",Pictish Symbol Stone (Pictish),MORAY,BANFFSHIRE,MORTLACH,NJ 3241 3924,http://canmore.org.uk/site/319861
319880,ND35SW 121,"58° 28' 42.03"" N","003° 07' 9.03"" W","Ackergill Links, Ackergill 1",Pictish Symbol Stone (Pictish),HIGHLAND,CAITHNESS,WICK,ND 3483 5499,http://canmore.org.uk/site/319880
